mode,overall,alpha,lam,lr,best_auc,test_loss,test_acc,test_auc
Single task,True,1.000000,0,0.001000,0.832029,0.508229,0.755200,0.842461
Multitask,True,1.000000,300,0.001000,0.837107,0.486887,0.766900,0.847736
Multitask,True,1.000000,1000,0.001000,0.839097,0.489165,0.768600,0.849696
Multitask,True,1.000000,3000,0.001000,0.840462,0.496653,0.764000,0.848282
Multitask,True,1.000000,10000,0.001000,0.836332,0.503755,0.757100,0.845544
Multitask,True,1.000000,30000,0.001000,0.837907,0.503164,0.760400,0.840775
Projection,True,1.000000,300,0.001000,0.840010,0.488712,0.766900,0.849607
Projection,True,1.000000,1000,0.001000,0.839111,0.505371,0.764000,0.848421
Projection,True,1.000000,3000,0.001000,0.840747,0.492492,0.766300,0.849840
Projection,True,1.000000,10000,0.001000,0.843420,0.481876,0.770400,0.852784
Projection,True,1.000000,30000,0.001000,0.842657,0.497801,0.757500,0.851132
Projection,False,1.000000,300,0.001000,0.836816,0.494368,0.761500,0.845945
Projection,False,1.000000,1000,0.001000,0.839490,0.484814,0.766400,0.850875
Projection,False,1.000000,3000,0.001000,0.842332,0.490981,0.762800,0.850263
Projection,False,1.000000,10000,0.001000,0.843256,0.494981,0.762300,0.851118
Projection,False,1.000000,30000,0.001000,0.840455,0.498295,0.760900,0.847861
Projection,True,0.010000,300,0.001000,0.832751,0.538847,0.748400,0.839631
Projection,True,0.010000,1000,0.001000,0.835080,0.520291,0.750200,0.846577
Projection,True,0.010000,3000,0.001000,0.841026,0.508879,0.759700,0.847662
Projection,True,0.010000,10000,0.001000,0.839014,0.518522,0.754000,0.843433
Projection,True,0.010000,30000,0.001000,0.839987,0.507374,0.760100,0.846952
Single task,True,1.000000,0,0.001000,0.832328,0.503439,0.755500,0.841110
Multitask,True,1.000000,300,0.001000,0.834764,0.495675,0.762200,0.842883
Multitask,True,1.000000,1000,0.001000,0.837195,0.517015,0.752600,0.847321
Multitask,True,1.000000,3000,0.001000,0.836440,0.518928,0.752100,0.844694
Multitask,True,1.000000,10000,0.001000,0.834036,0.528038,0.747000,0.838611
Multitask,True,1.000000,30000,0.001000,0.828516,0.514109,0.756300,0.838014
Projection,True,1.000000,300,0.001000,0.838312,0.497571,0.764400,0.847555
Projection,True,1.000000,1000,0.001000,0.838838,0.491492,0.762900,0.846164
Projection,True,1.000000,3000,0.001000,0.840524,0.491752,0.764000,0.847794
Projection,True,1.000000,10000,0.001000,0.843059,0.501589,0.759900,0.849093
Projection,True,1.000000,30000,0.001000,0.839500,0.500979,0.759600,0.847143
Projection,False,1.000000,300,0.001000,0.835871,0.510449,0.756600,0.845582
Projection,False,1.000000,1000,0.001000,0.838682,0.514059,0.757500,0.844699
Projection,False,1.000000,3000,0.001000,0.840270,0.496339,0.763300,0.849354
Projection,False,1.000000,10000,0.001000,0.845384,0.501018,0.763700,0.851008
Projection,False,1.000000,30000,0.001000,0.841256,0.498962,0.758900,0.850023
Projection,True,0.010000,300,0.001000,0.835511,0.505636,0.759200,0.843635
Projection,True,0.010000,1000,0.001000,0.840875,0.503499,0.759800,0.848890
Projection,True,0.010000,3000,0.001000,0.840866,0.514094,0.758800,0.850223
Projection,True,0.010000,10000,0.001000,0.840172,0.498600,0.761900,0.846329
Projection,True,0.010000,30000,0.001000,0.836895,0.497008,0.765400,0.844363
Single task,True,1.000000,0,0.001000,0.832242,0.513859,0.754300,0.842270
Multitask,True,1.000000,300,0.001000,0.835647,0.502146,0.760100,0.846141
Multitask,True,1.000000,1000,0.001000,0.836013,0.495204,0.760600,0.842144
Multitask,True,1.000000,3000,0.001000,0.839179,0.490474,0.765700,0.848964
Multitask,True,1.000000,10000,0.001000,0.836557,0.497440,0.763500,0.843102
Multitask,True,1.000000,30000,0.001000,0.831426,0.515813,0.750400,0.835197
Projection,True,1.000000,300,0.001000,0.836844,0.510435,0.752600,0.842849
Projection,True,1.000000,1000,0.001000,0.834994,0.504838,0.760000,0.845497
Projection,True,1.000000,3000,0.001000,0.833284,0.504059,0.756600,0.841438
Projection,True,1.000000,10000,0.001000,0.840272,0.526015,0.754100,0.847838
Projection,True,1.000000,30000,0.001000,0.838385,0.495798,0.763300,0.847971
Projection,False,1.000000,300,0.001000,0.838274,0.499362,0.763600,0.846753
Projection,False,1.000000,1000,0.001000,0.838301,0.502983,0.759300,0.846394
Projection,False,1.000000,3000,0.001000,0.838247,0.486584,0.764500,0.846111
Projection,False,1.000000,10000,0.001000,0.840376,0.495023,0.761300,0.846880
Projection,False,1.000000,30000,0.001000,0.837349,0.485942,0.765600,0.845957
Projection,True,0.010000,300,0.001000,0.834339,0.523545,0.748800,0.843454
Projection,True,0.010000,1000,0.001000,0.838662,0.507416,0.758500,0.847256
Projection,True,0.010000,3000,0.001000,0.837610,0.502044,0.761400,0.846322
Projection,True,0.010000,10000,0.001000,0.835441,0.500778,0.758800,0.845632
Projection,True,0.010000,30000,0.001000,0.834464,0.511543,0.759200,0.841649
Single task,True,1.000000,0,0.001000,0.834403,0.507792,0.753000,0.842837
Multitask,True,1.000000,300,0.001000,0.840011,0.493659,0.767800,0.848461
Multitask,True,1.000000,1000,0.001000,0.839062,0.486023,0.766100,0.846810
Multitask,True,1.000000,3000,0.001000,0.842323,0.515667,0.755500,0.849391
Multitask,True,1.000000,10000,0.001000,0.841770,0.514790,0.752600,0.848845
Multitask,True,1.000000,30000,0.001000,0.839559,0.512321,0.753700,0.845611
Projection,True,1.000000,300,0.001000,0.833999,0.514763,0.752500,0.843383
Projection,True,1.000000,1000,0.001000,0.836781,0.491786,0.763300,0.850026
Projection,True,1.000000,3000,0.001000,0.837436,0.491759,0.762300,0.850016
Projection,True,1.000000,10000,0.001000,0.835953,0.497936,0.761500,0.847801
Projection,True,1.000000,30000,0.001000,0.836439,0.491930,0.759500,0.843223
Projection,False,1.000000,300,0.001000,0.837536,0.495056,0.765400,0.847729
Projection,False,1.000000,1000,0.001000,0.839968,0.497797,0.763000,0.852758
Projection,False,1.000000,3000,0.001000,0.836937,0.503229,0.756900,0.847644
Projection,False,1.000000,10000,0.001000,0.838919,0.486182,0.771200,0.849315
Projection,False,1.000000,30000,0.001000,0.839516,0.497248,0.760500,0.847638
Projection,True,0.010000,300,0.001000,0.840035,0.540962,0.744000,0.849341
Projection,True,0.010000,1000,0.001000,0.842927,0.502541,0.761600,0.850783
Projection,True,0.010000,3000,0.001000,0.838620,0.508602,0.760900,0.850989
Projection,True,0.010000,10000,0.001000,0.841508,0.497237,0.765300,0.853926
Projection,True,0.010000,30000,0.001000,0.838354,0.516499,0.751100,0.845634
Single task,True,1.000000,0,0.001000,0.830533,0.502607,0.760800,0.838106
Multitask,True,1.000000,300,0.001000,0.835932,0.510799,0.756400,0.842549
Multitask,True,1.000000,1000,0.001000,0.841397,0.488922,0.763800,0.850567
Multitask,True,1.000000,3000,0.001000,0.839164,0.494501,0.761800,0.842316
Multitask,True,1.000000,10000,0.001000,0.839283,0.510885,0.756800,0.848340
Multitask,True,1.000000,30000,0.001000,0.831132,0.502455,0.759600,0.839205
Projection,True,1.000000,300,0.001000,0.833610,0.520910,0.749000,0.842386
Projection,True,1.000000,1000,0.001000,0.837558,0.519221,0.755400,0.845019
Projection,True,1.000000,3000,0.001000,0.840918,0.495066,0.759700,0.848414
Projection,True,1.000000,10000,0.001000,0.838833,0.500787,0.758800,0.850444
Projection,True,1.000000,30000,0.001000,0.839229,0.487129,0.762800,0.845298
Projection,False,1.000000,300,0.001000,0.839809,0.498216,0.761000,0.842484
Projection,False,1.000000,1000,0.001000,0.837931,0.511686,0.757000,0.844025
Projection,False,1.000000,3000,0.001000,0.840225,0.487445,0.762100,0.847243
Projection,False,1.000000,10000,0.001000,0.840259,0.497116,0.758700,0.842507
Projection,False,1.000000,30000,0.001000,0.839881,0.492932,0.761400,0.844145
Projection,True,0.010000,300,0.001000,0.837039,0.501390,0.754400,0.844838
Projection,True,0.010000,1000,0.001000,0.835690,0.502744,0.759000,0.844643
Projection,True,0.010000,3000,0.001000,0.838848,0.530694,0.751500,0.845739
Projection,True,0.010000,10000,0.001000,0.839536,0.490670,0.770200,0.849196
Projection,True,0.010000,30000,0.001000,0.835056,0.496880,0.760900,0.844055
Single task,True,1.000000,0,0.001000,0.833662,0.510663,0.755500,0.840919
Multitask,True,1.000000,300,0.001000,0.839110,0.498724,0.761700,0.849025
Multitask,True,1.000000,1000,0.001000,0.840962,0.496236,0.763200,0.851252
Multitask,True,1.000000,3000,0.001000,0.842125,0.508448,0.755600,0.850392
Multitask,True,1.000000,10000,0.001000,0.839980,0.494263,0.766500,0.850416
Multitask,True,1.000000,30000,0.001000,0.836173,0.528550,0.740500,0.839421
Projection,True,1.000000,300,0.001000,0.841401,0.484898,0.765300,0.849608
Projection,True,1.000000,1000,0.001000,0.841477,0.488853,0.764700,0.851176
Projection,True,1.000000,3000,0.001000,0.844927,0.501562,0.760300,0.852529
Projection,True,1.000000,10000,0.001000,0.844173,0.491835,0.761000,0.852757
Projection,True,1.000000,30000,0.001000,0.844678,0.486652,0.766700,0.853975
Projection,False,1.000000,300,0.001000,0.840841,0.503666,0.759000,0.849691
Projection,False,1.000000,1000,0.001000,0.841298,0.499395,0.761900,0.847859
Projection,False,1.000000,3000,0.001000,0.848271,0.489556,0.766600,0.853224
Projection,False,1.000000,10000,0.001000,0.846799,0.490840,0.770700,0.855970
Projection,False,1.000000,30000,0.001000,0.842708,0.497757,0.762000,0.852239
Projection,True,0.010000,300,0.001000,0.838842,0.515488,0.753200,0.844343
Projection,True,0.010000,1000,0.001000,0.839978,0.543988,0.749700,0.845826
Projection,True,0.010000,3000,0.001000,0.839649,0.494550,0.763200,0.846838
Projection,True,0.010000,10000,0.001000,0.839698,0.500018,0.754000,0.844100
Projection,True,0.010000,30000,0.001000,0.842867,0.483645,0.765700,0.847814
Single task,True,1.000000,0,0.001000,0.836528,0.501259,0.760600,0.846922
Multitask,True,1.000000,300,0.001000,0.838926,0.492937,0.767100,0.849329
Multitask,True,1.000000,1000,0.001000,0.837417,0.486442,0.765900,0.848713
Multitask,True,1.000000,3000,0.001000,0.838476,0.497967,0.762200,0.844589
Multitask,True,1.000000,10000,0.001000,0.842845,0.490551,0.766500,0.846596
Multitask,True,1.000000,30000,0.001000,0.832637,0.520971,0.747300,0.842433
Projection,True,1.000000,300,0.001000,0.838077,0.494729,0.762600,0.846907
Projection,True,1.000000,1000,0.001000,0.843216,0.487581,0.768400,0.849432
Projection,True,1.000000,3000,0.001000,0.840158,0.495023,0.764600,0.849086
Projection,True,1.000000,10000,0.001000,0.846489,0.484948,0.771500,0.853273
Projection,True,1.000000,30000,0.001000,0.838696,0.536783,0.741300,0.847729
Projection,False,1.000000,300,0.001000,0.837289,0.503033,0.761300,0.847937
Projection,False,1.000000,1000,0.001000,0.838804,0.487580,0.766400,0.847383
Projection,False,1.000000,3000,0.001000,0.839880,0.518635,0.751300,0.846008
Projection,False,1.000000,10000,0.001000,0.842675,0.489967,0.765500,0.853394
Projection,False,1.000000,30000,0.001000,0.841418,0.497679,0.763300,0.851386
Projection,True,0.010000,300,0.001000,0.835103,0.519041,0.751400,0.843784
Projection,True,0.010000,1000,0.001000,0.838924,0.518368,0.755000,0.848483
Projection,True,0.010000,3000,0.001000,0.841831,0.490230,0.768800,0.850744
Projection,True,0.010000,10000,0.001000,0.840453,0.524902,0.749100,0.847617
Projection,True,0.010000,30000,0.001000,0.836696,0.496407,0.763800,0.844936
Single task,True,1.000000,0,0.001000,0.833598,0.512993,0.756400,0.845416
Multitask,True,1.000000,300,0.001000,0.838891,0.492419,0.763000,0.846541
Multitask,True,1.000000,1000,0.001000,0.839357,0.502338,0.758300,0.847760
Multitask,True,1.000000,3000,0.001000,0.841906,0.490409,0.765800,0.851865
Multitask,True,1.000000,10000,0.001000,0.840816,0.498802,0.759700,0.844896
Multitask,True,1.000000,30000,0.001000,0.832486,0.493232,0.761100,0.841923
Projection,True,1.000000,300,0.001000,0.837950,0.499589,0.762200,0.848487
Projection,True,1.000000,1000,0.001000,0.835253,0.505012,0.757700,0.844399
Projection,True,1.000000,3000,0.001000,0.833966,0.496027,0.763300,0.845394
Projection,True,1.000000,10000,0.001000,0.838993,0.500038,0.759400,0.850012
Projection,True,1.000000,30000,0.001000,0.834593,0.517824,0.752300,0.841093
Projection,False,1.000000,300,0.001000,0.836910,0.504048,0.760900,0.846897
Projection,False,1.000000,1000,0.001000,0.837304,0.514386,0.752700,0.844156
Projection,False,1.000000,3000,0.001000,0.841958,0.497630,0.762800,0.848956
Projection,False,1.000000,10000,0.001000,0.840674,0.517761,0.755100,0.851681
Projection,False,1.000000,30000,0.001000,0.841770,0.508638,0.757000,0.847447
Projection,True,0.010000,300,0.001000,0.838233,0.509911,0.756400,0.848935
Projection,True,0.010000,1000,0.001000,0.837302,0.529244,0.755700,0.847384
Projection,True,0.010000,3000,0.001000,0.841112,0.506903,0.759600,0.850825
Projection,True,0.010000,10000,0.001000,0.837322,0.503255,0.762400,0.848273
Projection,True,0.010000,30000,0.001000,0.839459,0.480740,0.770900,0.849275
Single task,True,1.000000,0,0.001000,0.833134,0.517909,0.751200,0.842861
Multitask,True,1.000000,300,0.001000,0.838913,0.494320,0.764400,0.846105
Multitask,True,1.000000,1000,0.001000,0.842551,0.485849,0.768300,0.848512
Multitask,True,1.000000,3000,0.001000,0.842708,0.489191,0.763800,0.849431
Multitask,True,1.000000,10000,0.001000,0.839670,0.519135,0.753900,0.844409
Multitask,True,1.000000,30000,0.001000,0.837307,0.493641,0.757900,0.842227
Projection,True,1.000000,300,0.001000,0.839761,0.492233,0.767300,0.849403
Projection,True,1.000000,1000,0.001000,0.842571,0.498336,0.764200,0.848815
Projection,True,1.000000,3000,0.001000,0.843102,0.485970,0.765400,0.848337
Projection,True,1.000000,10000,0.001000,0.843589,0.484299,0.768300,0.851352
Projection,True,1.000000,30000,0.001000,0.840618,0.517864,0.754800,0.850024
Projection,False,1.000000,300,0.001000,0.839160,0.492829,0.765300,0.846326
Projection,False,1.000000,1000,0.001000,0.841648,0.506275,0.755300,0.847620
Projection,False,1.000000,3000,0.001000,0.843786,0.488908,0.766300,0.851517
Projection,False,1.000000,10000,0.001000,0.842748,0.513341,0.757400,0.850125
Projection,False,1.000000,30000,0.001000,0.843231,0.505843,0.755800,0.844997
Projection,True,0.010000,300,0.001000,0.839683,0.521680,0.752600,0.847727
Projection,True,0.010000,1000,0.001000,0.837226,0.541914,0.746100,0.844191
Projection,True,0.010000,3000,0.001000,0.842508,0.509893,0.757800,0.850137
Projection,True,0.010000,10000,0.001000,0.843065,0.493319,0.764100,0.847031
Projection,True,0.010000,30000,0.001000,0.835727,0.493378,0.764100,0.843398
Single task,True,1.000000,0,0.001000,0.835230,0.507542,0.753500,0.841964
Multitask,True,1.000000,300,0.001000,0.838311,0.490350,0.765900,0.848094
Multitask,True,1.000000,1000,0.001000,0.835426,0.494030,0.762100,0.844816
Multitask,True,1.000000,3000,0.001000,0.838928,0.503375,0.756800,0.847286
Multitask,True,1.000000,10000,0.001000,0.835700,0.514702,0.753100,0.843177
Multitask,True,1.000000,30000,0.001000,0.828044,0.504809,0.756200,0.837774
Projection,True,1.000000,300,0.001000,0.834087,0.501399,0.761100,0.842127
Projection,True,1.000000,1000,0.001000,0.836522,0.497930,0.760300,0.846291
Projection,True,1.000000,3000,0.001000,0.839410,0.495501,0.766400,0.845520
Projection,True,1.000000,10000,0.001000,0.838751,0.518391,0.755600,0.846435
Projection,True,1.000000,30000,0.001000,0.839021,0.495768,0.764100,0.847433
Projection,False,1.000000,300,0.001000,0.835639,0.490669,0.766400,0.845865
Projection,False,1.000000,1000,0.001000,0.839532,0.490363,0.768300,0.849058
Projection,False,1.000000,3000,0.001000,0.839083,0.489897,0.766100,0.848539
Projection,False,1.000000,10000,0.001000,0.841579,0.492983,0.763400,0.847950
Projection,False,1.000000,30000,0.001000,0.839053,0.498426,0.763800,0.849830
Projection,True,0.010000,300,0.001000,0.833229,0.523863,0.750200,0.843730
Projection,True,0.010000,1000,0.001000,0.834525,0.494879,0.760000,0.845777
Projection,True,0.010000,3000,0.001000,0.832862,0.529094,0.749900,0.841345
Projection,True,0.010000,10000,0.001000,0.833578,0.507235,0.758400,0.842135
Projection,True,0.010000,30000,0.001000,0.835044,0.496684,0.758100,0.841226
Unweighted cosine,True,1.000000,300,0.001000,0.839110,0.486856,0.766200,0.848611
Weighted cosine,True,1.000000,300,0.001000,0.834438,0.502053,0.757300,0.843458
Unweighted cosine,True,1.000000,1000,0.001000,0.835758,0.497215,0.761200,0.844227
Weighted cosine,True,1.000000,1000,0.001000,0.838494,0.499279,0.760900,0.845710
Unweighted cosine,True,1.000000,3000,0.001000,0.842744,0.484720,0.771200,0.848929
Weighted cosine,True,1.000000,3000,0.001000,0.839836,0.499417,0.762700,0.848339
Unweighted cosine,True,1.000000,10000,0.001000,0.843966,0.499776,0.764400,0.848036
Weighted cosine,True,1.000000,10000,0.001000,0.837660,0.503181,0.763000,0.846044
Unweighted cosine,True,1.000000,30000,0.001000,0.840078,0.520090,0.751700,0.847102
Weighted cosine,True,1.000000,30000,0.001000,0.833648,0.500732,0.763400,0.842314
Unweighted cosine,False,1.000000,300,0.001000,0.833398,0.509572,0.753500,0.843523
Weighted cosine,False,1.000000,300,0.001000,0.833969,0.519193,0.753000,0.844120
Unweighted cosine,False,1.000000,1000,0.001000,0.836054,0.492224,0.763600,0.845077
Weighted cosine,False,1.000000,1000,0.001000,0.834636,0.493333,0.761000,0.843807
Unweighted cosine,False,1.000000,3000,0.001000,0.838817,0.488632,0.764200,0.847128
Weighted cosine,False,1.000000,3000,0.001000,0.830073,0.493089,0.762800,0.841956
Unweighted cosine,False,1.000000,10000,0.001000,0.840473,0.502301,0.761000,0.846931
Weighted cosine,False,1.000000,10000,0.001000,0.829844,0.519242,0.750300,0.837452
Unweighted cosine,False,1.000000,30000,0.001000,0.696223,0.690061,0.496000,0.680998
Weighted cosine,False,1.000000,30000,0.001000,0.834419,0.514742,0.754600,0.844976
Unweighted cosine,True,1.000000,300,0.001000,0.830298,0.509832,0.750100,0.840431
Weighted cosine,True,1.000000,300,0.001000,0.834197,0.517185,0.757800,0.842931
Unweighted cosine,True,1.000000,1000,0.001000,0.835791,0.489474,0.761400,0.844521
Weighted cosine,True,1.000000,1000,0.001000,0.831521,0.506804,0.754300,0.840826
Unweighted cosine,True,1.000000,3000,0.001000,0.840981,0.488693,0.768300,0.851933
Weighted cosine,True,1.000000,3000,0.001000,0.833057,0.502434,0.756200,0.843995
Unweighted cosine,True,1.000000,10000,0.001000,0.667434,0.693922,0.495100,0.671937
Weighted cosine,True,1.000000,10000,0.001000,0.837263,0.483171,0.768700,0.850609
Unweighted cosine,True,1.000000,30000,0.001000,0.835208,0.507617,0.749700,0.840114
Weighted cosine,True,1.000000,30000,0.001000,0.839308,0.503559,0.762000,0.849709
Unweighted cosine,False,1.000000,300,0.001000,0.831918,0.528813,0.746500,0.835534
Weighted cosine,False,1.000000,300,0.001000,0.832194,0.502761,0.760400,0.839198
Unweighted cosine,False,1.000000,1000,0.001000,0.834452,0.492160,0.761400,0.844515
Weighted cosine,False,1.000000,1000,0.001000,0.833245,0.524039,0.746200,0.840764
Unweighted cosine,False,1.000000,3000,0.001000,0.836437,0.490150,0.763200,0.844103
Weighted cosine,False,1.000000,3000,0.001000,0.818788,0.537081,0.743900,0.824422
Unweighted cosine,False,1.000000,10000,0.001000,0.835179,0.512812,0.748600,0.837404
Weighted cosine,False,1.000000,10000,0.001000,0.822627,0.546790,0.732300,0.826831
Unweighted cosine,False,1.000000,30000,0.001000,0.783388,0.570258,0.706300,0.779162
Weighted cosine,False,1.000000,30000,0.001000,0.832980,0.535862,0.747200,0.837431
Unweighted cosine,True,1.000000,300,0.001000,0.835137,0.516630,0.754500,0.843290
Weighted cosine,True,1.000000,300,0.001000,0.835166,0.498310,0.762300,0.842858
Unweighted cosine,True,1.000000,1000,0.001000,0.838117,0.512571,0.760200,0.846338
Weighted cosine,True,1.000000,1000,0.001000,0.832734,0.514086,0.754300,0.842644
Unweighted cosine,True,1.000000,3000,0.001000,0.836348,0.498042,0.762200,0.846375
Weighted cosine,True,1.000000,3000,0.001000,0.838173,0.504519,0.758800,0.848328
Unweighted cosine,True,1.000000,10000,0.001000,0.845220,0.495061,0.764400,0.852077
Weighted cosine,True,1.000000,10000,0.001000,0.835089,0.520127,0.749300,0.844297
Unweighted cosine,True,1.000000,30000,0.001000,0.839050,0.513051,0.751200,0.844559
Weighted cosine,True,1.000000,30000,0.001000,0.840236,0.500119,0.763700,0.847706
Unweighted cosine,False,1.000000,300,0.001000,0.835557,0.495883,0.764200,0.843829
Weighted cosine,False,1.000000,300,0.001000,0.832130,0.505081,0.759300,0.840832
Unweighted cosine,False,1.000000,1000,0.001000,0.837653,0.513007,0.757100,0.846958
Weighted cosine,False,1.000000,1000,0.001000,0.828790,0.536770,0.739300,0.834823
Unweighted cosine,False,1.000000,3000,0.001000,0.838012,0.502739,0.757800,0.845140
Weighted cosine,False,1.000000,3000,0.001000,0.819754,0.541575,0.734700,0.824870
Unweighted cosine,False,1.000000,10000,0.001000,0.842047,0.490382,0.763800,0.847895
Weighted cosine,False,1.000000,10000,0.001000,0.836232,0.510827,0.753600,0.844033
Unweighted cosine,False,1.000000,30000,0.001000,0.836277,0.532202,0.751300,0.838782
Weighted cosine,False,1.000000,30000,0.001000,0.833289,0.503982,0.758600,0.841904
Unweighted cosine,True,1.000000,300,0.001000,0.837228,0.501064,0.761300,0.842667
Weighted cosine,True,1.000000,300,0.001000,0.840126,0.497110,0.763700,0.846685
Unweighted cosine,True,1.000000,1000,0.001000,0.840050,0.505447,0.758000,0.848861
Weighted cosine,True,1.000000,1000,0.001000,0.838352,0.509892,0.758300,0.847110
Unweighted cosine,True,1.000000,3000,0.001000,0.843092,0.475051,0.771300,0.853397
Weighted cosine,True,1.000000,3000,0.001000,0.830307,0.526452,0.737200,0.839794
Unweighted cosine,True,1.000000,10000,0.001000,0.842051,0.478983,0.775000,0.851904
Weighted cosine,True,1.000000,10000,0.001000,0.839027,0.485385,0.764100,0.848577
Unweighted cosine,True,1.000000,30000,0.001000,0.839609,0.527343,0.753200,0.843024
Weighted cosine,True,1.000000,30000,0.001000,0.840377,0.501610,0.761700,0.845169
Unweighted cosine,False,1.000000,300,0.001000,0.835026,0.494869,0.763500,0.844725
Weighted cosine,False,1.000000,300,0.001000,0.840980,0.499046,0.763900,0.847565
Unweighted cosine,False,1.000000,1000,0.001000,0.835504,0.516780,0.751800,0.843560
Weighted cosine,False,1.000000,1000,0.001000,0.837457,0.527841,0.751300,0.845085
Unweighted cosine,False,1.000000,3000,0.001000,0.836340,0.494676,0.765200,0.845691
Weighted cosine,False,1.000000,3000,0.001000,0.828988,0.502011,0.759700,0.840085
Unweighted cosine,False,1.000000,10000,0.001000,0.833481,0.537154,0.743600,0.834001
Weighted cosine,False,1.000000,10000,0.001000,0.832725,0.506166,0.753400,0.840574
Unweighted cosine,False,1.000000,30000,0.001000,0.693007,0.692165,0.495100,0.690476
Weighted cosine,False,1.000000,30000,0.001000,0.810732,0.534383,0.733200,0.819571
Unweighted cosine,True,1.000000,300,0.001000,0.838198,0.523773,0.751300,0.846348
Weighted cosine,True,1.000000,300,0.001000,0.835490,0.503922,0.762900,0.844231
Unweighted cosine,True,1.000000,1000,0.001000,0.838220,0.491448,0.760400,0.846008
Weighted cosine,True,1.000000,1000,0.001000,0.835489,0.521358,0.745700,0.844536
Unweighted cosine,True,1.000000,3000,0.001000,0.842098,0.492966,0.760700,0.846324
Weighted cosine,True,1.000000,3000,0.001000,0.832313,0.512104,0.746400,0.838955
Unweighted cosine,True,1.000000,10000,0.001000,0.840024,0.496914,0.759200,0.846205
Weighted cosine,True,1.000000,10000,0.001000,0.832103,0.507118,0.750100,0.840173
Unweighted cosine,True,1.000000,30000,0.001000,0.841273,0.519840,0.754100,0.844455
Weighted cosine,True,1.000000,30000,0.001000,0.836253,0.496158,0.762800,0.844526
Unweighted cosine,False,1.000000,300,0.001000,0.838268,0.528655,0.752200,0.840484
Weighted cosine,False,1.000000,300,0.001000,0.831268,0.529445,0.745300,0.838396
Unweighted cosine,False,1.000000,1000,0.001000,0.828415,0.508045,0.753300,0.835502
Weighted cosine,False,1.000000,1000,0.001000,0.830038,0.511494,0.751600,0.836171
Unweighted cosine,False,1.000000,3000,0.001000,0.836030,0.500932,0.761300,0.841244
Weighted cosine,False,1.000000,3000,0.001000,0.829818,0.511119,0.749100,0.835302
Unweighted cosine,False,1.000000,10000,0.001000,0.834762,0.507033,0.756800,0.842148
Weighted cosine,False,1.000000,10000,0.001000,0.832649,0.510298,0.752100,0.837166
Unweighted cosine,False,1.000000,30000,0.001000,0.830095,0.535467,0.744500,0.837761
Weighted cosine,False,1.000000,30000,0.001000,0.822850,0.531669,0.742400,0.825455
Unweighted cosine,True,1.000000,300,0.001000,0.840912,0.489920,0.763500,0.850700
Weighted cosine,True,1.000000,300,0.001000,0.837030,0.501592,0.763200,0.848656
Unweighted cosine,True,1.000000,1000,0.001000,0.844913,0.485799,0.767300,0.856260
Weighted cosine,True,1.000000,1000,0.001000,0.837884,0.497196,0.761800,0.847217
Unweighted cosine,True,1.000000,3000,0.001000,0.841114,0.492108,0.765100,0.851285
Weighted cosine,True,1.000000,3000,0.001000,0.840212,0.487763,0.765600,0.850314
Unweighted cosine,True,1.000000,10000,0.001000,0.637244,0.695705,0.495100,0.629668
Weighted cosine,True,1.000000,10000,0.001000,0.837849,0.504983,0.761500,0.848904
Unweighted cosine,True,1.000000,30000,0.001000,0.841114,0.496694,0.759500,0.849019
Weighted cosine,True,1.000000,30000,0.001000,0.838663,0.492741,0.764400,0.848856
Unweighted cosine,False,1.000000,300,0.001000,0.840587,0.498144,0.763200,0.849327
Weighted cosine,False,1.000000,300,0.001000,0.833727,0.538917,0.745800,0.842192
Unweighted cosine,False,1.000000,1000,0.001000,0.841627,0.494562,0.763500,0.849921
Weighted cosine,False,1.000000,1000,0.001000,0.835953,0.498456,0.764100,0.843536
Unweighted cosine,False,1.000000,3000,0.001000,0.845992,0.501532,0.762500,0.852276
Weighted cosine,False,1.000000,3000,0.001000,0.839006,0.500321,0.756900,0.845004
Unweighted cosine,False,1.000000,10000,0.001000,0.837965,0.511753,0.753100,0.844347
Weighted cosine,False,1.000000,10000,0.001000,0.832152,0.493534,0.759900,0.841251
Unweighted cosine,False,1.000000,30000,0.001000,0.674636,0.692166,0.496000,0.662601
Weighted cosine,False,1.000000,30000,0.001000,0.835680,0.485806,0.765800,0.845994
Unweighted cosine,True,1.000000,300,0.001000,0.835492,0.498728,0.766400,0.846200
Weighted cosine,True,1.000000,300,0.001000,0.837547,0.498112,0.760200,0.847546
Unweighted cosine,True,1.000000,1000,0.001000,0.838725,0.491506,0.761200,0.847470
Weighted cosine,True,1.000000,1000,0.001000,0.838011,0.524995,0.759200,0.844120
Unweighted cosine,True,1.000000,3000,0.001000,0.840674,0.499191,0.759000,0.850272
Weighted cosine,True,1.000000,3000,0.001000,0.836921,0.503024,0.756700,0.845560
Unweighted cosine,True,1.000000,10000,0.001000,0.843194,0.498062,0.761000,0.847791
Weighted cosine,True,1.000000,10000,0.001000,0.834045,0.501620,0.756500,0.844377
Unweighted cosine,True,1.000000,30000,0.001000,0.839060,0.514622,0.754300,0.844227
Weighted cosine,True,1.000000,30000,0.001000,0.842235,0.483825,0.764900,0.849510
Unweighted cosine,False,1.000000,300,0.001000,0.836167,0.508388,0.756700,0.843547
Weighted cosine,False,1.000000,300,0.001000,0.837931,0.516035,0.762600,0.846299
Unweighted cosine,False,1.000000,1000,0.001000,0.832939,0.501428,0.757900,0.844238
Weighted cosine,False,1.000000,1000,0.001000,0.833411,0.506283,0.757900,0.842342
Unweighted cosine,False,1.000000,3000,0.001000,0.839251,0.506474,0.756200,0.846905
Weighted cosine,False,1.000000,3000,0.001000,0.832647,0.513861,0.755800,0.838925
Unweighted cosine,False,1.000000,10000,0.001000,0.838059,0.513355,0.753700,0.846986
Weighted cosine,False,1.000000,10000,0.001000,0.828613,0.511086,0.757900,0.834717
Unweighted cosine,False,1.000000,30000,0.001000,0.837850,0.510195,0.751600,0.841622
Weighted cosine,False,1.000000,30000,0.001000,0.827391,0.503410,0.754100,0.836401
Unweighted cosine,True,1.000000,300,0.001000,0.833346,0.491201,0.764100,0.843606
Weighted cosine,True,1.000000,300,0.001000,0.836484,0.497329,0.760700,0.847498
Unweighted cosine,True,1.000000,1000,0.001000,0.836624,0.485248,0.766900,0.847969
Weighted cosine,True,1.000000,1000,0.001000,0.838769,0.505567,0.764600,0.846241
Unweighted cosine,True,1.000000,3000,0.001000,0.844262,0.481319,0.771600,0.851684
Weighted cosine,True,1.000000,3000,0.001000,0.838261,0.493634,0.766600,0.846635
Unweighted cosine,True,1.000000,10000,0.001000,0.842509,0.493743,0.761900,0.846593
Weighted cosine,True,1.000000,10000,0.001000,0.834484,0.511996,0.757600,0.841468
Unweighted cosine,True,1.000000,30000,0.001000,0.701364,0.689550,0.509200,0.678523
Weighted cosine,True,1.000000,30000,0.001000,0.678007,0.695446,0.495100,0.693238
Unweighted cosine,False,1.000000,300,0.001000,0.836298,0.515878,0.752700,0.843757
Weighted cosine,False,1.000000,300,0.001000,0.832906,0.516760,0.752500,0.843164
Unweighted cosine,False,1.000000,1000,0.001000,0.836716,0.521339,0.755300,0.845074
Weighted cosine,False,1.000000,1000,0.001000,0.835422,0.522743,0.752000,0.844270
Unweighted cosine,False,1.000000,3000,0.001000,0.835377,0.506600,0.755600,0.845643
Weighted cosine,False,1.000000,3000,0.001000,0.822286,0.525390,0.750700,0.832495
Unweighted cosine,False,1.000000,10000,0.001000,0.839906,0.500514,0.760700,0.846474
Weighted cosine,False,1.000000,10000,0.001000,0.838587,0.537776,0.745900,0.843033
Unweighted cosine,False,1.000000,30000,0.001000,0.713873,0.690403,0.496100,0.708871
Weighted cosine,False,1.000000,30000,0.001000,0.835089,0.514509,0.755200,0.843423
Unweighted cosine,True,1.000000,300,0.001000,0.834335,0.517122,0.750600,0.844284
Weighted cosine,True,1.000000,300,0.001000,0.835814,0.498268,0.762600,0.843965
Unweighted cosine,True,1.000000,1000,0.001000,0.836625,0.500470,0.761500,0.841477
Weighted cosine,True,1.000000,1000,0.001000,0.837128,0.494953,0.762800,0.846270
Unweighted cosine,True,1.000000,3000,0.001000,0.840575,0.501422,0.757800,0.847950
Weighted cosine,True,1.000000,3000,0.001000,0.835889,0.504194,0.762600,0.843694
Unweighted cosine,True,1.000000,10000,0.001000,0.844584,0.481276,0.771800,0.853214
Weighted cosine,True,1.000000,10000,0.001000,0.833508,0.512562,0.757100,0.844220
Unweighted cosine,True,1.000000,30000,0.001000,0.749868,0.634429,0.639300,0.731386
Weighted cosine,True,1.000000,30000,0.001000,0.838652,0.489868,0.763400,0.846258
Unweighted cosine,False,1.000000,300,0.001000,0.832832,0.523861,0.749600,0.839893
Weighted cosine,False,1.000000,300,0.001000,0.833308,0.518030,0.752800,0.842386
Unweighted cosine,False,1.000000,1000,0.001000,0.820287,0.537347,0.738700,0.829664
Weighted cosine,False,1.000000,1000,0.001000,0.835818,0.520436,0.754300,0.842503
Unweighted cosine,False,1.000000,3000,0.001000,0.836774,0.518933,0.754000,0.839476
Weighted cosine,False,1.000000,3000,0.001000,0.835945,0.501154,0.756900,0.842229
Unweighted cosine,False,1.000000,10000,0.001000,0.835480,0.526607,0.755700,0.840339
Weighted cosine,False,1.000000,10000,0.001000,0.837234,0.494678,0.761500,0.843174
Unweighted cosine,False,1.000000,30000,0.001000,0.833489,0.543895,0.735700,0.836124
Weighted cosine,False,1.000000,30000,0.001000,0.836224,0.498943,0.757000,0.844330
Unweighted cosine,True,1.000000,300,0.001000,0.835718,0.505029,0.756800,0.840951
Weighted cosine,True,1.000000,300,0.001000,0.834025,0.505854,0.753900,0.842873
Unweighted cosine,True,1.000000,1000,0.001000,0.835627,0.517666,0.753100,0.842446
Weighted cosine,True,1.000000,1000,0.001000,0.835797,0.522278,0.750700,0.844310
Unweighted cosine,True,1.000000,3000,0.001000,0.840592,0.512088,0.753500,0.847835
Weighted cosine,True,1.000000,3000,0.001000,0.835393,0.497406,0.759700,0.841648
Unweighted cosine,True,1.000000,10000,0.001000,0.839553,0.527520,0.751500,0.845018
Weighted cosine,True,1.000000,10000,0.001000,0.832761,0.497388,0.766400,0.843942
Unweighted cosine,True,1.000000,30000,0.001000,0.841221,0.499528,0.766900,0.847784
Weighted cosine,True,1.000000,30000,0.001000,0.697607,0.693779,0.495100,0.691464
Unweighted cosine,False,1.000000,300,0.001000,0.835526,0.517107,0.757100,0.845084
Weighted cosine,False,1.000000,300,0.001000,0.835573,0.531249,0.743400,0.846529
Unweighted cosine,False,1.000000,1000,0.001000,0.838616,0.519325,0.756100,0.845848
Weighted cosine,False,1.000000,1000,0.001000,0.831417,0.508904,0.754200,0.838256
Unweighted cosine,False,1.000000,3000,0.001000,0.834474,0.495603,0.762700,0.842629
Weighted cosine,False,1.000000,3000,0.001000,0.831920,0.537471,0.741400,0.837436
Unweighted cosine,False,1.000000,10000,0.001000,0.834630,0.526239,0.745100,0.840467
Weighted cosine,False,1.000000,10000,0.001000,0.824691,0.523449,0.748700,0.833968
Unweighted cosine,False,1.000000,30000,0.001000,0.727237,0.651078,0.613900,0.711559
Weighted cosine,False,1.000000,30000,0.001000,0.831368,0.499012,0.760700,0.838752
Orthogonal,True,0.010000,300,0.001000,0.837602,0.506992,0.758100,0.846667
Orthogonal,True,1.000000,300,0.001000,0.835788,0.496415,0.759100,0.846016
Orthogonal,True,0.010000,1000,0.001000,0.840083,0.501846,0.760800,0.849537
Orthogonal,True,1.000000,1000,0.001000,0.834615,0.519535,0.753400,0.844411
Orthogonal,True,0.010000,3000,0.001000,0.840103,0.491988,0.763200,0.848886
Orthogonal,True,1.000000,3000,0.001000,0.838412,0.500543,0.762400,0.847472
Orthogonal,True,0.010000,10000,0.001000,0.844296,0.503077,0.763500,0.853002
Orthogonal,True,1.000000,10000,0.001000,0.644695,0.691505,0.495600,0.620915
Orthogonal,True,0.010000,30000,0.001000,0.838631,0.493691,0.760300,0.850218
Orthogonal,True,1.000000,30000,0.001000,0.671525,0.691452,0.495300,0.642327
Orthogonal,False,0.010000,300,0.001000,0.838434,0.496792,0.765700,0.848884
Orthogonal,False,1.000000,300,0.001000,0.831476,0.518869,0.746800,0.842798
Orthogonal,False,0.010000,1000,0.001000,0.840289,0.492083,0.764500,0.848200
Orthogonal,False,1.000000,1000,0.001000,0.839287,0.512244,0.752300,0.847570
Orthogonal,False,0.010000,3000,0.001000,0.837322,0.505654,0.757300,0.847611
Orthogonal,False,1.000000,3000,0.001000,0.663784,0.691110,0.495200,0.659613
Orthogonal,False,0.010000,10000,0.001000,0.840832,0.508149,0.760400,0.850032
Orthogonal,False,1.000000,10000,0.001000,0.633819,0.693347,0.495100,0.641824
Orthogonal,False,0.010000,30000,0.001000,0.842215,0.503867,0.759200,0.847104
Orthogonal,False,1.000000,30000,0.001000,0.665467,0.692209,0.495100,0.653847
Orthogonal,True,0.010000,300,0.001000,0.838324,0.500820,0.761400,0.848587
Orthogonal,True,1.000000,300,0.001000,0.838153,0.499559,0.757400,0.845858
Orthogonal,True,0.010000,1000,0.001000,0.837042,0.495098,0.762800,0.846845
Orthogonal,True,1.000000,1000,0.001000,0.835356,0.519330,0.751500,0.839540
Orthogonal,True,0.010000,3000,0.001000,0.840360,0.491942,0.764400,0.849160
Orthogonal,True,1.000000,3000,0.001000,0.834450,0.514030,0.748500,0.841221
Orthogonal,True,0.010000,10000,0.001000,0.841618,0.506682,0.762000,0.850355
Orthogonal,True,1.000000,10000,0.001000,0.837020,0.501867,0.759800,0.841813
Orthogonal,True,0.010000,30000,0.001000,0.834332,0.503748,0.756100,0.842418
Orthogonal,True,1.000000,30000,0.001000,0.650974,0.691275,0.496200,0.615688
Orthogonal,False,0.010000,300,0.001000,0.836094,0.514620,0.755200,0.842917
Orthogonal,False,1.000000,300,0.001000,0.837854,0.509873,0.757900,0.846540
Orthogonal,False,0.010000,1000,0.001000,0.840228,0.502015,0.763600,0.847622
Orthogonal,False,1.000000,1000,0.001000,0.836286,0.509831,0.758200,0.845309
Orthogonal,False,0.010000,3000,0.001000,0.841390,0.512949,0.753600,0.847909
Orthogonal,False,1.000000,3000,0.001000,0.835835,0.509416,0.757800,0.843911
Orthogonal,False,0.010000,10000,0.001000,0.844407,0.479324,0.769700,0.851348
Orthogonal,False,1.000000,10000,0.001000,0.836688,0.517509,0.749600,0.842101
Orthogonal,False,0.010000,30000,0.001000,0.839010,0.500302,0.756000,0.845466
Orthogonal,False,1.000000,30000,0.001000,0.828118,0.531071,0.747700,0.834551
Orthogonal,True,0.010000,300,0.001000,0.835221,0.534448,0.746400,0.841458
Orthogonal,True,1.000000,300,0.001000,0.835138,0.495399,0.762500,0.843848
Orthogonal,True,0.010000,1000,0.001000,0.839078,0.512581,0.758100,0.845288
Orthogonal,True,1.000000,1000,0.001000,0.836087,0.501165,0.760500,0.846591
Orthogonal,True,0.010000,3000,0.001000,0.837670,0.567855,0.733400,0.845251
Orthogonal,True,1.000000,3000,0.001000,0.834568,0.493229,0.765100,0.844304
Orthogonal,True,0.010000,10000,0.001000,0.841040,0.514508,0.755500,0.849047
Orthogonal,True,1.000000,10000,0.001000,0.836827,0.514870,0.750400,0.843724
Orthogonal,True,0.010000,30000,0.001000,0.839872,0.491598,0.762600,0.846623
Orthogonal,True,1.000000,30000,0.001000,0.690204,0.654720,0.624500,0.685470
Orthogonal,False,0.010000,300,0.001000,0.835847,0.532510,0.747700,0.841817
Orthogonal,False,1.000000,300,0.001000,0.835447,0.502057,0.759700,0.841834
Orthogonal,False,0.010000,1000,0.001000,0.836954,0.507857,0.758800,0.843332
Orthogonal,False,1.000000,1000,0.001000,0.835061,0.513779,0.752900,0.843252
Orthogonal,False,0.010000,3000,0.001000,0.838116,0.499256,0.762900,0.843214
Orthogonal,False,1.000000,3000,0.001000,0.838345,0.486714,0.763900,0.846798
Orthogonal,False,0.010000,10000,0.001000,0.841136,0.531796,0.751700,0.848403
Orthogonal,False,1.000000,10000,0.001000,0.660730,0.694482,0.495100,0.672512
Orthogonal,False,0.010000,30000,0.001000,0.838473,0.516325,0.751500,0.845498
Orthogonal,False,1.000000,30000,0.001000,0.642377,0.694967,0.495100,0.652557
Orthogonal,True,0.010000,300,0.001000,0.837406,0.517145,0.756000,0.846047
Orthogonal,True,1.000000,300,0.001000,0.833311,0.504020,0.762800,0.842108
Orthogonal,True,0.010000,1000,0.001000,0.836937,0.501071,0.759300,0.846279
Orthogonal,True,1.000000,1000,0.001000,0.838249,0.497124,0.761700,0.847348
Orthogonal,True,0.010000,3000,0.001000,0.837288,0.515198,0.754200,0.847677
Orthogonal,True,1.000000,3000,0.001000,0.838677,0.498207,0.762200,0.846631
Orthogonal,True,0.010000,10000,0.001000,0.840973,0.505315,0.757600,0.849941
Orthogonal,True,1.000000,10000,0.001000,0.641805,0.693953,0.495100,0.644253
Orthogonal,True,0.010000,30000,0.001000,0.834723,0.512408,0.754700,0.840908
Orthogonal,True,1.000000,30000,0.001000,0.659784,0.692992,0.495100,0.670640
Orthogonal,False,0.010000,300,0.001000,0.837049,0.499550,0.762700,0.848021
Orthogonal,False,1.000000,300,0.001000,0.836949,0.502449,0.754500,0.842496
Orthogonal,False,0.010000,1000,0.001000,0.837753,0.498978,0.764400,0.847080
Orthogonal,False,1.000000,1000,0.001000,0.837150,0.506736,0.761400,0.848071
Orthogonal,False,0.010000,3000,0.001000,0.839860,0.498208,0.762300,0.850198
Orthogonal,False,1.000000,3000,0.001000,0.837430,0.506881,0.760000,0.847263
Orthogonal,False,0.010000,10000,0.001000,0.841877,0.509743,0.758400,0.852162
Orthogonal,False,1.000000,10000,0.001000,0.671940,0.691570,0.495200,0.662196
Orthogonal,False,0.010000,30000,0.001000,0.843474,0.497079,0.761300,0.850816
Orthogonal,False,1.000000,30000,0.001000,0.834075,0.503916,0.757900,0.840186
Orthogonal,True,0.010000,300,0.001000,0.838835,0.524841,0.751000,0.847681
Orthogonal,True,1.000000,300,0.001000,0.837173,0.508134,0.755500,0.844700
Orthogonal,True,0.010000,1000,0.001000,0.840268,0.533733,0.748100,0.847232
Orthogonal,True,1.000000,1000,0.001000,0.834570,0.517713,0.757100,0.843773
Orthogonal,True,0.010000,3000,0.001000,0.836864,0.502789,0.758800,0.843400
Orthogonal,True,1.000000,3000,0.001000,0.635181,0.695724,0.495100,0.641992
Orthogonal,True,0.010000,10000,0.001000,0.840626,0.522006,0.751900,0.845399
Orthogonal,True,1.000000,10000,0.001000,0.604732,0.695790,0.495100,0.605833
Orthogonal,True,0.010000,30000,0.001000,0.842372,0.500692,0.759200,0.850452
Orthogonal,True,1.000000,30000,0.001000,0.814375,0.542287,0.730000,0.815442
Orthogonal,False,0.010000,300,0.001000,0.838724,0.506901,0.757300,0.846575
Orthogonal,False,1.000000,300,0.001000,0.831897,0.516269,0.746400,0.840342
Orthogonal,False,0.010000,1000,0.001000,0.837296,0.501207,0.758600,0.845168
Orthogonal,False,1.000000,1000,0.001000,0.836620,0.518426,0.750400,0.841995
Orthogonal,False,0.010000,3000,0.001000,0.836744,0.502798,0.759100,0.846400
Orthogonal,False,1.000000,3000,0.001000,0.836569,0.513842,0.752900,0.844710
Orthogonal,False,0.010000,10000,0.001000,0.842425,0.510022,0.757600,0.849252
Orthogonal,False,1.000000,10000,0.001000,0.639887,0.695803,0.495100,0.636116
Orthogonal,False,0.010000,30000,0.001000,0.840780,0.523235,0.750200,0.849418
Orthogonal,False,1.000000,30000,0.001000,0.596608,0.695786,0.495100,0.603550
Orthogonal,True,0.010000,300,0.001000,0.839732,0.500038,0.761600,0.846701
Orthogonal,True,1.000000,300,0.001000,0.839983,0.490763,0.762300,0.847974
Orthogonal,True,0.010000,1000,0.001000,0.839731,0.495612,0.761300,0.847788
Orthogonal,True,1.000000,1000,0.001000,0.837810,0.535070,0.749300,0.843233
Orthogonal,True,0.010000,3000,0.001000,0.842324,0.500873,0.758200,0.848933
Orthogonal,True,1.000000,3000,0.001000,0.833077,0.528449,0.749900,0.842514
Orthogonal,True,0.010000,10000,0.001000,0.844283,0.514826,0.759800,0.854297
Orthogonal,True,1.000000,10000,0.001000,0.839296,0.505931,0.758300,0.842399
Orthogonal,True,0.010000,30000,0.001000,0.843552,0.485243,0.768600,0.853566
Orthogonal,True,1.000000,30000,0.001000,0.692209,0.674460,0.580300,0.672920
Orthogonal,False,0.010000,300,0.001000,0.842517,0.501585,0.758400,0.850961
Orthogonal,False,1.000000,300,0.001000,0.839802,0.497110,0.761600,0.848867
Orthogonal,False,0.010000,1000,0.001000,0.842974,0.483958,0.767600,0.849634
Orthogonal,False,1.000000,1000,0.001000,0.838573,0.484897,0.766700,0.849045
Orthogonal,False,0.010000,3000,0.001000,0.845828,0.498259,0.767900,0.852410
Orthogonal,False,1.000000,3000,0.001000,0.835603,0.512975,0.751000,0.845139
Orthogonal,False,0.010000,10000,0.001000,0.845518,0.484589,0.767000,0.855053
Orthogonal,False,1.000000,10000,0.001000,0.559737,0.695443,0.495100,0.548658
Orthogonal,False,0.010000,30000,0.001000,0.848505,0.485878,0.766500,0.854570
Orthogonal,False,1.000000,30000,0.001000,0.839564,0.492474,0.765600,0.850475
Orthogonal,True,0.010000,300,0.001000,0.838544,0.506690,0.759400,0.848021
Orthogonal,True,1.000000,300,0.001000,0.841431,0.495277,0.766100,0.847106
Orthogonal,True,0.010000,1000,0.001000,0.841857,0.483925,0.768600,0.852516
Orthogonal,True,1.000000,1000,0.001000,0.841406,0.505210,0.761500,0.847444
Orthogonal,True,0.010000,3000,0.001000,0.844378,0.509084,0.757400,0.854391
Orthogonal,True,1.000000,3000,0.001000,0.841447,0.485796,0.766500,0.847339
Orthogonal,True,0.010000,10000,0.001000,0.844086,0.487247,0.770500,0.855668
Orthogonal,True,1.000000,10000,0.001000,0.608018,0.694429,0.495100,0.614893
Orthogonal,True,0.010000,30000,0.001000,0.843911,0.520526,0.751000,0.853172
Orthogonal,True,1.000000,30000,0.001000,0.697121,0.689280,0.497300,0.678144
Orthogonal,False,0.010000,300,0.001000,0.838631,0.506781,0.758700,0.846771
Orthogonal,False,1.000000,300,0.001000,0.834685,0.504290,0.757800,0.844007
Orthogonal,False,0.010000,1000,0.001000,0.836890,0.514885,0.753900,0.846969
Orthogonal,False,1.000000,1000,0.001000,0.837579,0.491805,0.764500,0.848698
Orthogonal,False,0.010000,3000,0.001000,0.844404,0.491177,0.767100,0.850841
Orthogonal,False,1.000000,3000,0.001000,0.839762,0.484715,0.767200,0.848169
Orthogonal,False,0.010000,10000,0.001000,0.844739,0.525150,0.752700,0.856586
Orthogonal,False,1.000000,10000,0.001000,0.709618,0.679622,0.571600,0.693469
Orthogonal,False,0.010000,30000,0.001000,0.845434,0.487152,0.764700,0.849369
Orthogonal,False,1.000000,30000,0.001000,0.615949,0.694987,0.495100,0.588770
Orthogonal,True,0.010000,300,0.001000,0.832851,0.505702,0.758100,0.842962
Orthogonal,True,1.000000,300,0.001000,0.838317,0.494501,0.763200,0.846710
Orthogonal,True,0.010000,1000,0.001000,0.837675,0.512242,0.755100,0.848715
Orthogonal,True,1.000000,1000,0.001000,0.833987,0.511276,0.757500,0.841834
Orthogonal,True,0.010000,3000,0.001000,0.839707,0.510260,0.757700,0.850363
Orthogonal,True,1.000000,3000,0.001000,0.839857,0.493927,0.767300,0.849232
Orthogonal,True,0.010000,10000,0.001000,0.843717,0.502034,0.761300,0.851851
Orthogonal,True,1.000000,10000,0.001000,0.710276,0.692356,0.495100,0.714527
Orthogonal,True,0.010000,30000,0.001000,0.840728,0.491117,0.763900,0.845781
Orthogonal,True,1.000000,30000,0.001000,0.698542,0.692511,0.495100,0.700110
Orthogonal,False,0.010000,300,0.001000,0.837809,0.498397,0.763600,0.848266
Orthogonal,False,1.000000,300,0.001000,0.836691,0.497102,0.763100,0.846901
Orthogonal,False,0.010000,1000,0.001000,0.842826,0.495903,0.764600,0.852379
Orthogonal,False,1.000000,1000,0.001000,0.839579,0.508940,0.758900,0.847692
Orthogonal,False,0.010000,3000,0.001000,0.844330,0.510689,0.758200,0.853103
Orthogonal,False,1.000000,3000,0.001000,0.839867,0.511187,0.762400,0.849936
Orthogonal,False,0.010000,10000,0.001000,0.842750,0.502419,0.763800,0.853745
Orthogonal,False,1.000000,10000,0.001000,0.673768,0.694893,0.495100,0.684852
Orthogonal,False,0.010000,30000,0.001000,0.843718,0.494362,0.766200,0.853407
Orthogonal,False,1.000000,30000,0.001000,0.672512,0.694954,0.495100,0.684081
Orthogonal,True,0.010000,300,0.001000,0.838786,0.510690,0.755200,0.846733
Orthogonal,True,1.000000,300,0.001000,0.842481,0.494531,0.763600,0.847242
Orthogonal,True,0.010000,1000,0.001000,0.843578,0.516557,0.755700,0.848429
Orthogonal,True,1.000000,1000,0.001000,0.840906,0.494720,0.763300,0.849246
Orthogonal,True,0.010000,3000,0.001000,0.842679,0.532452,0.750800,0.849681
Orthogonal,True,1.000000,3000,0.001000,0.840772,0.482502,0.769900,0.848668
Orthogonal,True,0.010000,10000,0.001000,0.844351,0.495798,0.763400,0.850713
Orthogonal,True,1.000000,10000,0.001000,0.834527,0.516488,0.757800,0.837291
Orthogonal,True,0.010000,30000,0.001000,0.842972,0.504697,0.758100,0.848518
Orthogonal,True,1.000000,30000,0.001000,0.626515,0.698162,0.495100,0.645889
Orthogonal,False,0.010000,300,0.001000,0.838248,0.501082,0.760600,0.847366
Orthogonal,False,1.000000,300,0.001000,0.835790,0.517768,0.753100,0.841262
Orthogonal,False,0.010000,1000,0.001000,0.841575,0.488496,0.767100,0.849102
Orthogonal,False,1.000000,1000,0.001000,0.835715,0.503205,0.758500,0.844035
Orthogonal,False,0.010000,3000,0.001000,0.841002,0.507129,0.760600,0.845695
Orthogonal,False,1.000000,3000,0.001000,0.842012,0.497127,0.764400,0.847465
Orthogonal,False,0.010000,10000,0.001000,0.846603,0.528015,0.751500,0.850120
Orthogonal,False,1.000000,10000,0.001000,0.838247,0.488244,0.763500,0.848163
Orthogonal,False,0.010000,30000,0.001000,0.843072,0.504497,0.760600,0.850912
Orthogonal,False,1.000000,30000,0.001000,0.610836,0.694983,0.495100,0.620163
Orthogonal,True,0.010000,300,0.001000,0.831923,0.529081,0.749600,0.841579
Orthogonal,True,1.000000,300,0.001000,0.833583,0.497140,0.763600,0.845074
Orthogonal,True,0.010000,1000,0.001000,0.835953,0.496407,0.763900,0.845334
Orthogonal,True,1.000000,1000,0.001000,0.833368,0.511398,0.755300,0.843035
Orthogonal,True,0.010000,3000,0.001000,0.838739,0.511465,0.757800,0.848480
Orthogonal,True,1.000000,3000,0.001000,0.631287,0.695072,0.495100,0.640573
Orthogonal,True,0.010000,10000,0.001000,0.836318,0.517057,0.751000,0.846911
Orthogonal,True,1.000000,10000,0.001000,0.832585,0.489925,0.762400,0.845105
Orthogonal,True,0.010000,30000,0.001000,0.831325,0.530472,0.742600,0.836240
Orthogonal,True,1.000000,30000,0.001000,0.625384,0.695083,0.495100,0.630886
Orthogonal,False,0.010000,300,0.001000,0.836134,0.508519,0.755500,0.842728
Orthogonal,False,1.000000,300,0.001000,0.835359,0.515704,0.754000,0.840284
Orthogonal,False,0.010000,1000,0.001000,0.837123,0.513067,0.754000,0.846986
Orthogonal,False,1.000000,1000,0.001000,0.829498,0.516584,0.748600,0.835451
Orthogonal,False,0.010000,3000,0.001000,0.840966,0.494935,0.763400,0.852330
Orthogonal,False,1.000000,3000,0.001000,0.832851,0.496003,0.764900,0.841432
Orthogonal,False,0.010000,10000,0.001000,0.841017,0.506847,0.761000,0.852053
Orthogonal,False,1.000000,10000,0.001000,0.608398,0.695238,0.495100,0.608685
Orthogonal,False,0.010000,30000,0.001000,0.838036,0.496422,0.765100,0.846688
Orthogonal,False,1.000000,30000,0.001000,0.648190,0.689411,0.509100,0.618072
Unweighted cosine,True,0.010000,300,0.001000,0.834538,0.485611,0.764300,0.845824
Weighted cosine,True,0.010000,300,0.001000,0.834785,0.504642,0.756100,0.844608
Unweighted cosine,True,0.010000,1000,0.001000,0.829034,0.525890,0.741700,0.836309
Weighted cosine,True,0.010000,1000,0.001000,0.835826,0.521910,0.750900,0.845883
Unweighted cosine,True,0.010000,3000,0.001000,0.709223,0.691710,0.496700,0.698316
Weighted cosine,True,0.010000,3000,0.001000,0.831902,0.516220,0.750100,0.841642
Unweighted cosine,True,0.010000,10000,0.001000,0.653830,0.694425,0.495100,0.677276
Weighted cosine,True,0.010000,10000,0.001000,0.835023,0.503202,0.757000,0.844074
Unweighted cosine,True,0.010000,30000,0.001000,0.661414,0.696211,0.495100,0.661505
Weighted cosine,True,0.010000,30000,0.001000,0.822167,0.527535,0.746300,0.830990
Unweighted cosine,False,0.010000,300,0.001000,0.833107,0.524350,0.746900,0.839512
Weighted cosine,False,0.010000,300,0.001000,0.830457,0.519364,0.749000,0.838707
Unweighted cosine,False,0.010000,1000,0.001000,0.830420,0.525598,0.749100,0.837752
Weighted cosine,False,0.010000,1000,0.001000,0.827037,0.533205,0.742300,0.832120
Unweighted cosine,False,0.010000,3000,0.001000,0.718939,0.634754,0.632000,0.722635
Weighted cosine,False,0.010000,3000,0.001000,0.824774,0.536142,0.736700,0.827999
Unweighted cosine,False,0.010000,10000,0.001000,0.732785,0.611249,0.666000,0.727791
Weighted cosine,False,0.010000,10000,0.001000,0.817292,0.557124,0.726900,0.822914
Unweighted cosine,False,0.010000,30000,0.001000,0.662884,0.696301,0.506600,0.666504
Weighted cosine,False,0.010000,30000,0.001000,0.737593,0.620741,0.657500,0.740035
Unweighted cosine,True,0.010000,300,0.001000,0.839712,0.505283,0.760700,0.846422
Weighted cosine,True,0.010000,300,0.001000,0.838855,0.497895,0.760900,0.844354
Unweighted cosine,True,0.010000,1000,0.001000,0.832422,0.532958,0.751100,0.838387
Weighted cosine,True,0.010000,1000,0.001000,0.837029,0.508107,0.756900,0.844750
Unweighted cosine,True,0.010000,3000,0.001000,0.737843,0.659268,0.574900,0.739831
Weighted cosine,True,0.010000,3000,0.001000,0.840438,0.498349,0.762000,0.849711
Unweighted cosine,True,0.010000,10000,0.001000,0.713240,0.675464,0.526300,0.723690
Weighted cosine,True,0.010000,10000,0.001000,0.830033,0.529156,0.745700,0.837627
Unweighted cosine,True,0.010000,30000,0.001000,0.723583,0.677968,0.522900,0.731602
Weighted cosine,True,0.010000,30000,0.001000,0.747864,0.634762,0.627300,0.751447
Unweighted cosine,False,0.010000,300,0.001000,0.829842,0.533139,0.744400,0.833500
Weighted cosine,False,0.010000,300,0.001000,0.833100,0.513453,0.755000,0.841669
Unweighted cosine,False,0.010000,1000,0.001000,0.828128,0.533096,0.742700,0.833626
Weighted cosine,False,0.010000,1000,0.001000,0.832026,0.527243,0.747000,0.840796
Unweighted cosine,False,0.010000,3000,0.001000,0.824339,0.537298,0.738400,0.830624
Weighted cosine,False,0.010000,3000,0.001000,0.825041,0.561261,0.731000,0.830511
Unweighted cosine,False,0.010000,10000,0.001000,0.815990,0.560446,0.737100,0.822070
Weighted cosine,False,0.010000,10000,0.001000,0.818226,0.553883,0.735800,0.825853
Unweighted cosine,False,0.010000,30000,0.001000,0.536317,0.695401,0.495100,0.524283
Weighted cosine,False,0.010000,30000,0.001000,0.796261,0.558416,0.710100,0.803670
Unweighted cosine,True,0.010000,300,0.001000,0.837328,0.503092,0.762500,0.843928
Weighted cosine,True,0.010000,300,0.001000,0.835674,0.514992,0.753800,0.841897
Unweighted cosine,True,0.010000,1000,0.001000,0.692870,0.695599,0.495100,0.702887
Weighted cosine,True,0.010000,1000,0.001000,0.836329,0.501301,0.759400,0.841472
Unweighted cosine,True,0.010000,3000,0.001000,0.677039,0.700653,0.495100,0.679031
Weighted cosine,True,0.010000,3000,0.001000,0.827090,0.535082,0.741500,0.839452
Unweighted cosine,True,0.010000,10000,0.001000,0.641406,0.694026,0.495600,0.641187
Weighted cosine,True,0.010000,10000,0.001000,0.667622,0.702927,0.495100,0.670145
Unweighted cosine,True,0.010000,30000,0.001000,0.676804,0.692493,0.495900,0.687803
Weighted cosine,True,0.010000,30000,0.001000,0.683735,0.700311,0.495100,0.691395
Unweighted cosine,False,0.010000,300,0.001000,0.826074,0.540911,0.741600,0.831407
Weighted cosine,False,0.010000,300,0.001000,0.824512,0.525033,0.744500,0.835307
Unweighted cosine,False,0.010000,1000,0.001000,0.830220,0.527223,0.744800,0.835597
Weighted cosine,False,0.010000,1000,0.001000,0.827850,0.538422,0.740300,0.834342
Unweighted cosine,False,0.010000,3000,0.001000,0.739213,0.598706,0.677700,0.741811
Weighted cosine,False,0.010000,3000,0.001000,0.807390,0.565008,0.721500,0.813341
Unweighted cosine,False,0.010000,10000,0.001000,0.736028,0.613997,0.665800,0.740051
Weighted cosine,False,0.010000,10000,0.001000,0.819471,0.551219,0.731400,0.821533
Unweighted cosine,False,0.010000,30000,0.001000,0.663668,0.684757,0.530700,0.657711
Weighted cosine,False,0.010000,30000,0.001000,0.692861,0.692061,0.500700,0.701177
Unweighted cosine,True,0.010000,300,0.001000,0.832916,0.512583,0.754300,0.839931
Weighted cosine,True,0.010000,300,0.001000,0.840656,0.497756,0.763000,0.844964
Unweighted cosine,True,0.010000,1000,0.001000,0.833521,0.531107,0.742000,0.838194
Weighted cosine,True,0.010000,1000,0.001000,0.833288,0.509478,0.759000,0.842747
Unweighted cosine,True,0.010000,3000,0.001000,0.731577,0.619151,0.660400,0.741701
Weighted cosine,True,0.010000,3000,0.001000,0.829279,0.524610,0.747400,0.841615
Unweighted cosine,True,0.010000,10000,0.001000,0.680162,0.675774,0.553400,0.680436
Weighted cosine,True,0.010000,10000,0.001000,0.834763,0.514713,0.755200,0.843407
Unweighted cosine,True,0.010000,30000,0.001000,0.626738,0.695907,0.495100,0.634446
Weighted cosine,True,0.010000,30000,0.001000,0.763244,0.584737,0.691100,0.771131
Unweighted cosine,False,0.010000,300,0.001000,0.821549,0.545627,0.738000,0.828484
Weighted cosine,False,0.010000,300,0.001000,0.836874,0.514277,0.754600,0.846680
Unweighted cosine,False,0.010000,1000,0.001000,0.831255,0.524611,0.748600,0.842584
Weighted cosine,False,0.010000,1000,0.001000,0.835378,0.518969,0.755600,0.844346
Unweighted cosine,False,0.010000,3000,0.001000,0.809590,0.583550,0.709900,0.812029
Weighted cosine,False,0.010000,3000,0.001000,0.825312,0.542729,0.739300,0.833932
Unweighted cosine,False,0.010000,10000,0.001000,0.657157,0.691680,0.518800,0.655703
Weighted cosine,False,0.010000,10000,0.001000,0.813265,0.545960,0.733000,0.816674
Unweighted cosine,False,0.010000,30000,0.001000,0.741980,0.626392,0.649000,0.741031
Weighted cosine,False,0.010000,30000,0.001000,0.612330,0.700090,0.495600,0.605934
Unweighted cosine,True,0.010000,300,0.001000,0.835433,0.528777,0.754100,0.842594
Weighted cosine,True,0.010000,300,0.001000,0.837325,0.502786,0.757400,0.845456
Unweighted cosine,True,0.010000,1000,0.001000,0.834509,0.509682,0.755100,0.840803
Weighted cosine,True,0.010000,1000,0.001000,0.837548,0.516804,0.754400,0.845254
Unweighted cosine,True,0.010000,3000,0.001000,0.782191,0.598372,0.681400,0.785953
Weighted cosine,True,0.010000,3000,0.001000,0.830527,0.531600,0.747200,0.841028
Unweighted cosine,True,0.010000,10000,0.001000,0.693345,0.694755,0.495100,0.689392
Weighted cosine,True,0.010000,10000,0.001000,0.831287,0.510925,0.750400,0.840578
Unweighted cosine,True,0.010000,30000,0.001000,0.660441,0.692655,0.495100,0.654402
Weighted cosine,True,0.010000,30000,0.001000,0.682564,0.691488,0.501100,0.698006
Unweighted cosine,False,0.010000,300,0.001000,0.830261,0.516077,0.752000,0.836252
Weighted cosine,False,0.010000,300,0.001000,0.833448,0.521278,0.748300,0.842216
Unweighted cosine,False,0.010000,1000,0.001000,0.831375,0.521176,0.751900,0.835893
Weighted cosine,False,0.010000,1000,0.001000,0.829164,0.530256,0.743100,0.836942
Unweighted cosine,False,0.010000,3000,0.001000,0.817349,0.531032,0.738300,0.821225
Weighted cosine,False,0.010000,3000,0.001000,0.831469,0.530062,0.743300,0.837406
Unweighted cosine,False,0.010000,10000,0.001000,0.831159,0.551728,0.740000,0.837240
Weighted cosine,False,0.010000,10000,0.001000,0.819851,0.544281,0.733600,0.827206
Unweighted cosine,False,0.010000,30000,0.001000,0.723398,0.621016,0.655500,0.718886
Weighted cosine,False,0.010000,30000,0.001000,0.817533,0.527182,0.742300,0.826231
Unweighted cosine,True,0.010000,300,0.001000,0.835903,0.512584,0.759000,0.845538
Weighted cosine,True,0.010000,300,0.001000,0.836290,0.517986,0.755000,0.844889
Unweighted cosine,True,0.010000,1000,0.001000,0.829926,0.526782,0.751100,0.836786
Weighted cosine,True,0.010000,1000,0.001000,0.836859,0.504287,0.762500,0.845213
Unweighted cosine,True,0.010000,3000,0.001000,0.744392,0.617325,0.656600,0.742817
Weighted cosine,True,0.010000,3000,0.001000,0.838159,0.512198,0.757900,0.846487
Unweighted cosine,True,0.010000,10000,0.001000,0.658164,0.695264,0.495100,0.666398
Weighted cosine,True,0.010000,10000,0.001000,0.832939,0.520607,0.748700,0.837015
Unweighted cosine,True,0.010000,30000,0.001000,0.661329,0.692704,0.495100,0.676628
Weighted cosine,True,0.010000,30000,0.001000,0.825976,0.526693,0.748400,0.832412
Unweighted cosine,False,0.010000,300,0.001000,0.836377,0.516884,0.754300,0.845321
Weighted cosine,False,0.010000,300,0.001000,0.838650,0.514632,0.752900,0.845207
Unweighted cosine,False,0.010000,1000,0.001000,0.836204,0.515481,0.753200,0.845598
Weighted cosine,False,0.010000,1000,0.001000,0.834741,0.506518,0.761300,0.843928
Unweighted cosine,False,0.010000,3000,0.001000,0.829745,0.524087,0.750800,0.836273
Weighted cosine,False,0.010000,3000,0.001000,0.834379,0.520633,0.752600,0.843299
Unweighted cosine,False,0.010000,10000,0.001000,0.831760,0.522766,0.749000,0.840122
Weighted cosine,False,0.010000,10000,0.001000,0.726155,0.635533,0.643800,0.732796
Unweighted cosine,False,0.010000,30000,0.001000,0.658914,0.651770,0.615000,0.667307
Weighted cosine,False,0.010000,30000,0.001000,0.737582,0.625229,0.656000,0.742069
Unweighted cosine,True,0.010000,300,0.001000,0.835539,0.494122,0.764400,0.846163
Weighted cosine,True,0.010000,300,0.001000,0.839342,0.499164,0.763000,0.844863
Unweighted cosine,True,0.010000,1000,0.001000,0.824810,0.518833,0.750200,0.829836
Weighted cosine,True,0.010000,1000,0.001000,0.835239,0.530950,0.747500,0.844138
Unweighted cosine,True,0.010000,3000,0.001000,0.748985,0.609776,0.665600,0.750579
Weighted cosine,True,0.010000,3000,0.001000,0.837912,0.507112,0.757500,0.844950
Unweighted cosine,True,0.010000,10000,0.001000,0.678831,0.694677,0.495400,0.696443
Weighted cosine,True,0.010000,10000,0.001000,0.827216,0.541056,0.737300,0.834921
Unweighted cosine,True,0.010000,30000,0.001000,0.644940,0.695065,0.495100,0.649924
Weighted cosine,True,0.010000,30000,0.001000,0.683888,0.698001,0.505900,0.694265
Unweighted cosine,False,0.010000,300,0.001000,0.833523,0.514555,0.750000,0.840177
Weighted cosine,False,0.010000,300,0.001000,0.838899,0.503762,0.762700,0.847160
Unweighted cosine,False,0.010000,1000,0.001000,0.830161,0.521812,0.751400,0.837158
Weighted cosine,False,0.010000,1000,0.001000,0.832516,0.512356,0.757500,0.842092
Unweighted cosine,False,0.010000,3000,0.001000,0.809213,0.531395,0.736700,0.818510
Weighted cosine,False,0.010000,3000,0.001000,0.819856,0.542140,0.738300,0.824182
Unweighted cosine,False,0.010000,10000,0.001000,0.823561,0.540846,0.739600,0.830663
Weighted cosine,False,0.010000,10000,0.001000,0.817813,0.538074,0.734100,0.824076
Unweighted cosine,False,0.010000,30000,0.001000,0.680590,0.688680,0.512200,0.681640
Weighted cosine,False,0.010000,30000,0.001000,0.811072,0.555829,0.727800,0.818851
Unweighted cosine,True,0.010000,300,0.001000,0.836309,0.521629,0.753700,0.846372
Weighted cosine,True,0.010000,300,0.001000,0.835046,0.507473,0.759600,0.845043
Unweighted cosine,True,0.010000,1000,0.001000,0.762247,0.637064,0.694900,0.762789
Weighted cosine,True,0.010000,1000,0.001000,0.834401,0.507670,0.759900,0.845266
Unweighted cosine,True,0.010000,3000,0.001000,0.802415,0.561061,0.713100,0.806088
Weighted cosine,True,0.010000,3000,0.001000,0.837705,0.510996,0.757300,0.847710
Unweighted cosine,True,0.010000,10000,0.001000,0.720072,0.647704,0.603900,0.732884
Weighted cosine,True,0.010000,10000,0.001000,0.833242,0.516485,0.752300,0.840378
Unweighted cosine,True,0.010000,30000,0.001000,0.701962,0.674976,0.527900,0.722357
Weighted cosine,True,0.010000,30000,0.001000,0.831209,0.529384,0.752900,0.839023
Unweighted cosine,False,0.010000,300,0.001000,0.836072,0.511593,0.754500,0.843625
Weighted cosine,False,0.010000,300,0.001000,0.836572,0.515900,0.755600,0.845548
Unweighted cosine,False,0.010000,1000,0.001000,0.828159,0.532238,0.742300,0.834994
Weighted cosine,False,0.010000,1000,0.001000,0.836232,0.512056,0.755300,0.845958
Unweighted cosine,False,0.010000,3000,0.001000,0.833696,0.528256,0.747400,0.839144
Weighted cosine,False,0.010000,3000,0.001000,0.827426,0.557756,0.735200,0.832643
Unweighted cosine,False,0.010000,10000,0.001000,0.824120,0.523425,0.744500,0.829674
Weighted cosine,False,0.010000,10000,0.001000,0.732241,0.623222,0.650900,0.736092
Unweighted cosine,False,0.010000,30000,0.001000,0.659273,0.690160,0.506000,0.671284
Weighted cosine,False,0.010000,30000,0.001000,0.817919,0.550404,0.733700,0.823384
Unweighted cosine,True,0.010000,300,0.001000,0.835613,0.496187,0.762700,0.843684
Weighted cosine,True,0.010000,300,0.001000,0.836491,0.508405,0.753500,0.845780
Unweighted cosine,True,0.010000,1000,0.001000,0.830622,0.516421,0.754500,0.841006
Weighted cosine,True,0.010000,1000,0.001000,0.837056,0.517467,0.750700,0.847512
Unweighted cosine,True,0.010000,3000,0.001000,0.658612,0.702590,0.495100,0.665963
Weighted cosine,True,0.010000,3000,0.001000,0.830589,0.525988,0.745000,0.838906
Unweighted cosine,True,0.010000,10000,0.001000,0.647822,0.694705,0.495100,0.651750
Weighted cosine,True,0.010000,10000,0.001000,0.760109,0.586460,0.691700,0.764293
Unweighted cosine,True,0.010000,30000,0.001000,0.660391,0.700528,0.495100,0.671188
Weighted cosine,True,0.010000,30000,0.001000,0.697602,0.685869,0.507100,0.701839
Unweighted cosine,False,0.010000,300,0.001000,0.833724,0.509336,0.752000,0.842193
Weighted cosine,False,0.010000,300,0.001000,0.829250,0.534850,0.742600,0.833649
Unweighted cosine,False,0.010000,1000,0.001000,0.835607,0.525118,0.753600,0.842176
Weighted cosine,False,0.010000,1000,0.001000,0.830720,0.509033,0.751300,0.836911
Unweighted cosine,False,0.010000,3000,0.001000,0.829612,0.504612,0.751700,0.835089
Weighted cosine,False,0.010000,3000,0.001000,0.830001,0.529256,0.745600,0.834050
Unweighted cosine,False,0.010000,10000,0.001000,0.836545,0.524188,0.751000,0.841206
Weighted cosine,False,0.010000,10000,0.001000,0.828391,0.530323,0.746200,0.835133
Unweighted cosine,False,0.010000,30000,0.001000,0.628822,0.693219,0.495100,0.622955
Weighted cosine,False,0.010000,30000,0.001000,0.822678,0.541961,0.743300,0.827486
Unweighted cosine,True,0.010000,300,0.001000,0.834592,0.511236,0.753200,0.845140
Weighted cosine,True,0.010000,300,0.001000,0.831453,0.516952,0.749600,0.839914
Unweighted cosine,True,0.010000,1000,0.001000,0.826554,0.531863,0.744900,0.833208
Weighted cosine,True,0.010000,1000,0.001000,0.832959,0.508437,0.755400,0.840737
Unweighted cosine,True,0.010000,3000,0.001000,0.728177,0.626183,0.659500,0.727554
Weighted cosine,True,0.010000,3000,0.001000,0.830109,0.535628,0.747300,0.837540
Unweighted cosine,True,0.010000,10000,0.001000,0.653035,0.699873,0.495100,0.638306
Weighted cosine,True,0.010000,10000,0.001000,0.834023,0.516156,0.755300,0.840572
Unweighted cosine,True,0.010000,30000,0.001000,0.672003,0.691670,0.495200,0.672345
Weighted cosine,True,0.010000,30000,0.001000,0.718062,0.672973,0.549100,0.721392
Unweighted cosine,False,0.010000,300,0.001000,0.824604,0.543087,0.739100,0.831840
Weighted cosine,False,0.010000,300,0.001000,0.828770,0.517573,0.748100,0.839638
Unweighted cosine,False,0.010000,1000,0.001000,0.830622,0.533185,0.747200,0.838392
Weighted cosine,False,0.010000,1000,0.001000,0.825206,0.524097,0.742600,0.832465
Unweighted cosine,False,0.010000,3000,0.001000,0.830213,0.525798,0.749800,0.838179
Weighted cosine,False,0.010000,3000,0.001000,0.822502,0.555850,0.734200,0.826838
Unweighted cosine,False,0.010000,10000,0.001000,0.822798,0.509833,0.752600,0.832852
Weighted cosine,False,0.010000,10000,0.001000,0.822464,0.538499,0.740800,0.827613
Unweighted cosine,False,0.010000,30000,0.001000,0.658779,0.686243,0.518900,0.665933
Weighted cosine,False,0.010000,30000,0.001000,0.823376,0.512469,0.750100,0.830878
Projection,False,0.010000,300,0.001000,0.836190,0.509873,0.756800,0.843709
Projection,False,0.010000,1000,0.001000,0.840979,0.511472,0.753300,0.847786
Projection,False,0.010000,3000,0.001000,0.836510,0.531037,0.750200,0.845352
Projection,False,0.010000,10000,0.001000,0.833332,0.500345,0.762000,0.843700
Projection,False,0.010000,30000,0.001000,0.836658,0.534607,0.743600,0.847321
Projection,False,0.010000,300,0.001000,0.838000,0.515537,0.754100,0.844763
Projection,False,0.010000,1000,0.001000,0.839044,0.505348,0.760800,0.848298
Projection,False,0.010000,3000,0.001000,0.837400,0.525629,0.747000,0.846302
Projection,False,0.010000,10000,0.001000,0.837297,0.502074,0.758100,0.845798
Projection,False,0.010000,30000,0.001000,0.832271,0.509295,0.755800,0.840627
Projection,False,0.010000,300,0.001000,0.830156,0.522673,0.746700,0.838144
Projection,False,0.010000,1000,0.001000,0.836567,0.511605,0.749800,0.845650
Projection,False,0.010000,3000,0.001000,0.837204,0.526942,0.748400,0.841304
Projection,False,0.010000,10000,0.001000,0.834288,0.501825,0.758200,0.836861
Projection,False,0.010000,30000,0.001000,0.833090,0.505915,0.752800,0.837398
Projection,False,0.010000,300,0.001000,0.837013,0.518227,0.750500,0.845845
Projection,False,0.010000,1000,0.001000,0.836542,0.496187,0.765400,0.848616
Projection,False,0.010000,3000,0.001000,0.836433,0.534973,0.750400,0.845097
Projection,False,0.010000,10000,0.001000,0.837334,0.509016,0.760000,0.840517
Projection,False,0.010000,30000,0.001000,0.836637,0.524875,0.748400,0.843380
Projection,False,0.010000,300,0.001000,0.831986,0.514845,0.753600,0.842772
Projection,False,0.010000,1000,0.001000,0.834248,0.514776,0.750300,0.840551
Projection,False,0.010000,3000,0.001000,0.836804,0.501213,0.761100,0.845137
Projection,False,0.010000,10000,0.001000,0.835795,0.532679,0.740400,0.840061
Projection,False,0.010000,30000,0.001000,0.834533,0.533139,0.738100,0.841458
Projection,False,0.010000,300,0.001000,0.838764,0.515056,0.750700,0.846512
Projection,False,0.010000,1000,0.001000,0.839235,0.515625,0.747800,0.845316
Projection,False,0.010000,3000,0.001000,0.836369,0.496674,0.759100,0.844437
Projection,False,0.010000,10000,0.001000,0.834370,0.502408,0.755300,0.839154
Projection,False,0.010000,30000,0.001000,0.833651,0.562864,0.730100,0.839185
Projection,False,0.010000,300,0.001000,0.835841,0.531807,0.745900,0.841561
Projection,False,0.010000,1000,0.001000,0.839367,0.516133,0.756000,0.846040
Projection,False,0.010000,3000,0.001000,0.840257,0.500903,0.758600,0.846769
Projection,False,0.010000,10000,0.001000,0.834888,0.494063,0.759500,0.840171
Projection,False,0.010000,30000,0.001000,0.836995,0.487233,0.764300,0.845857
Projection,False,0.010000,300,0.001000,0.836371,0.505882,0.757000,0.846947
Projection,False,0.010000,1000,0.001000,0.838458,0.507930,0.757900,0.845587
Projection,False,0.010000,3000,0.001000,0.837073,0.492526,0.765600,0.847242
Projection,False,0.010000,10000,0.001000,0.835854,0.492659,0.768400,0.846595
Projection,False,0.010000,30000,0.001000,0.836379,0.497469,0.758900,0.844654
Projection,False,0.010000,300,0.001000,0.838840,0.530034,0.745000,0.843334
Projection,False,0.010000,1000,0.001000,0.841619,0.506206,0.761100,0.848640
Projection,False,0.010000,3000,0.001000,0.839479,0.512501,0.754200,0.847622
Projection,False,0.010000,10000,0.001000,0.833970,0.515920,0.755900,0.837461
Projection,False,0.010000,30000,0.001000,0.836172,0.550835,0.740300,0.840257
Projection,False,0.010000,300,0.001000,0.835763,0.543195,0.741400,0.841861
Projection,False,0.010000,1000,0.001000,0.833912,0.512221,0.756300,0.845502
Projection,False,0.010000,3000,0.001000,0.833890,0.517910,0.753800,0.844103
Projection,False,0.010000,10000,0.001000,0.834124,0.507666,0.759600,0.843102
Projection,False,0.010000,30000,0.001000,0.825001,0.538920,0.738100,0.831136